name,index,x,y,w,h,source_file
2_cards_on_death,0,1,1,16,16,gun_actions/2_cards_on_death.png
3_cards_on_death,1,19,1,16,16,gun_actions/3_cards_on_death.png
_unidentified,2,37,1,16,16,gun_actions/_unidentified.png
accelerating_shot,3,55,1,16,16,gun_actions/accelerating_shot.png
acid,4,73,1,16,16,gun_actions/acid.png
acid_trail,5,91,1,16,16,gun_actions/acid_trail.png
acid_trail_unidentified,6,109,1,16,16,gun_actions/acid_trail_unidentified.png
acidshot,7,127,1,16,16,gun_actions/acidshot.png
acidshot_unidentified,8,145,1,16,16,gun_actions/acidshot_unidentified.png
air_bullet,9,163,1,16,16,gun_actions/air_bullet.png
air_bullet_unidentified,10,181,1,16,16,gun_actions/air_bullet_unidentified.png
alcohol_blast,11,199,1,16,16,gun_actions/alcohol_blast.png
all_acid,12,217,1,16,16,gun_actions/all_acid.png
all_blackholes,13,235,1,16,16,gun_actions/all_blackholes.png
all_deathcrosses,14,253,1,16,16,gun_actions/all_deathcrosses.png
all_discs,15,271,1,16,16,gun_actions/all_discs.png
all_nukes,16,289,1,16,16,gun_actions/all_nukes.png
all_rockets,17,307,1,16,16,gun_actions/all_rockets.png
all_spells,18,325,1,16,16,gun_actions/all_spells.png
alpha,19,343,1,16,16,gun_actions/alpha.png
anti_homing,20,361,1,16,16,gun_actions/anti_homing.png
antiheal,21,379,1,16,16,gun_actions/antiheal.png
arc_electric,22,397,1,16,16,gun_actions/arc_electric.png
arc_electric_unidentified,23,415,1,16,16,gun_actions/arc_electric_unidentified.png
arc_fire,24,433,1,16,16,gun_actions/arc_fire.png
arc_fire_unidentified,25,451,1,16,16,gun_actions/arc_fire_unidentified.png
arc_gunpowder,26,469,1,16,16,gun_actions/arc_gunpowder.png
arc_poison,27,487,1,16,16,gun_actions/arc_poison.png
area_damage,28,505,1,16,16,gun_actions/area_damage.png
arrow,29,523,1,16,16,gun_actions/arrow.png
arrow_unidentified,30,541,1,16,16,gun_actions/arrow_unidentified.png
autoaim,31,559,1,16,16,gun_actions/autoaim.png
avoiding_arc,32,1,19,16,16,gun_actions/avoiding_arc.png
baab_all,33,19,19,16,16,gun_actions/baab_all.png
baab_empty,34,37,19,16,16,gun_actions/baab_empty.png
baab_is,35,55,19,16,16,gun_actions/baab_is.png
baab_lava,36,73,19,16,16,gun_actions/baab_lava.png
baab_love,37,91,19,16,16,gun_actions/baab_love.png
baab_poop,38,109,19,16,16,gun_actions/baab_poop.png
baab_water,39,127,19,16,16,gun_actions/baab_water.png
ball_lightning,40,145,19,16,16,gun_actions/ball_lightning.png
bee,41,163,19,16,16,gun_actions/bee.png
berserk,42,181,19,16,16,gun_actions/berserk.png
berserk_field,43,199,19,16,16,gun_actions/berserk_field.png
berserk_field_unidentified,44,217,19,16,16,gun_actions/berserk_field_unidentified.png
big_magic_shield,45,235,19,16,16,gun_actions/big_magic_shield.png
black_hole,46,253,19,16,16,gun_actions/black_hole.png
black_hole_big,47,271,19,16,16,gun_actions/black_hole_big.png
black_hole_big_unidentified,48,289,19,16,16,gun_actions/black_hole_big_unidentified.png
black_hole_giga,49,307,19,16,16,gun_actions/black_hole_giga.png
black_hole_timer,50,325,19,16,16,gun_actions/black_hole_timer.png
black_hole_unidentified,51,343,19,16,16,gun_actions/black_hole_unidentified.png
blindness,52,361,19,16,16,gun_actions/blindness.png
blood_magic,53,379,19,16,16,gun_actions/blood_magic.png
blood_punch,54,397,19,16,16,gun_actions/blood_punch.png
blood_to_acid,55,415,19,16,16,gun_actions/blood_to_acid.png
blood_trail,56,433,19,16,16,gun_actions/blood_trail.png
bloodlust,57,451,19,16,16,gun_actions/bloodlust.png
bloodtentacle,58,469,19,16,16,gun_actions/bloodtentacle.png
bloomshot,59,487,19,16,16,gun_actions/bloomshot.png
bomb,60,505,19,16,16,gun_actions/bomb.png
bomb_cart,61,523,19,16,16,gun_actions/bomb_cart.png
bomb_holy,62,541,19,16,16,gun_actions/bomb_holy.png
bomb_holy_giga,63,559,19,16,16,gun_actions/bomb_holy_giga.png
bomb_trailer,64,1,37,16,16,gun_actions/bomb_trailer.png
bomb_unidentified,65,19,37,16,16,gun_actions/bomb_unidentified.png
bounce,66,37,37,16,16,gun_actions/bounce.png
bounce_explosion,67,55,37,16,16,gun_actions/bounce_explosion.png
bounce_hole,68,73,37,16,16,gun_actions/bounce_hole.png
bounce_larpa,69,91,37,16,16,gun_actions/bounce_larpa.png
bounce_laser,70,109,37,16,16,gun_actions/bounce_laser.png
bounce_laser_emitter,71,127,37,16,16,gun_actions/bounce_laser_emitter.png
bounce_lightning,72,145,37,16,16,gun_actions/bounce_lightning.png
bounce_small_explosion,73,163,37,16,16,gun_actions/bounce_small_explosion.png
bounce_spark,74,181,37,16,16,gun_actions/bounce_spark.png
bounce_unidentified,75,199,37,16,16,gun_actions/bounce_unidentified.png
bouncy_orb,76,217,37,16,16,gun_actions/bouncy_orb.png
bouncy_orb_timer,77,235,37,16,16,gun_actions/bouncy_orb_timer.png
bouncy_orb_timer_2,78,253,37,16,16,gun_actions/bouncy_orb_timer_2.png
broken_spell,79,271,37,16,16,gun_actions/broken_spell.png
bubbleshot,80,289,37,16,16,gun_actions/bubbleshot.png
bubbleshot_trigger,81,307,37,16,16,gun_actions/bubbleshot_trigger.png
bubbleshot_trigger_unidentified,82,325,37,16,16,gun_actions/bubbleshot_trigger_unidentified.png
bubbleshot_unidentified,83,343,37,16,16,gun_actions/bubbleshot_unidentified.png
buckshot,84,361,37,16,16,gun_actions/buckshot.png
building_back_wall_rock,85,379,37,16,16,gun_actions/building_back_wall_rock.png
building_board_wood,86,397,37,16,16,gun_actions/building_board_wood.png
building_physics_templedoor,87,415,37,16,16,gun_actions/building_physics_templedoor.png
building_pressure_plate,88,433,37,16,16,gun_actions/building_pressure_plate.png
bullet,89,451,37,16,16,gun_actions/bullet.png
bullet_timer,90,469,37,16,16,gun_actions/bullet_timer.png
bullet_timer_unidentified,91,487,37,16,16,gun_actions/bullet_timer_unidentified.png
bullet_trigger,92,505,37,16,16,gun_actions/bullet_trigger.png
bullet_trigger_unidentified,93,523,37,16,16,gun_actions/bullet_trigger_unidentified.png
bullet_unidentified,94,541,37,16,16,gun_actions/bullet_unidentified.png
burn_trail,95,559,37,16,16,gun_actions/burn_trail.png
burn_trail_unidentified,96,1,55,16,16,gun_actions/burn_trail_unidentified.png
burning_critical,97,19,55,16,16,gun_actions/burning_critical.png
burst_2,98,37,55,16,16,gun_actions/burst_2.png
burst_2_unidentified,99,55,55,16,16,gun_actions/burst_2_unidentified.png
burst_3,100,73,55,16,16,gun_actions/burst_3.png
burst_3_unidentified,101,91,55,16,16,gun_actions/burst_3_unidentified.png
burst_4,102,109,55,16,16,gun_actions/burst_4.png
burst_4_unidentified,103,127,55,16,16,gun_actions/burst_4_unidentified.png
burst_8,104,145,55,16,16,gun_actions/burst_8.png
burst_x,105,163,55,16,16,gun_actions/burst_x.png
caster_cast,106,181,55,16,16,gun_actions/caster_cast.png
cement,107,199,55,16,16,gun_actions/cement.png
cessation,108,217,55,16,16,gun_actions/cessation.png
chain_bolt,109,235,55,16,16,gun_actions/chain_bolt.png
chain_shot,110,253,55,16,16,gun_actions/chain_shot.png
chainsaw,111,271,55,16,16,gun_actions/chainsaw.png
chainsaw_unidentified,112,289,55,16,16,gun_actions/chainsaw_unidentified.png
chaos_polymorph_field,113,307,55,16,16,gun_actions/chaos_polymorph_field.png
chaos_polymorph_field_unidentified,114,325,55,16,16,gun_actions/chaos_polymorph_field_unidentified.png
chaotic_arc,115,343,55,16,16,gun_actions/chaotic_arc.png
charm,116,361,55,16,16,gun_actions/charm.png
charm_field,117,379,55,16,16,gun_actions/charm_field.png
charm_on_burning,118,397,55,16,16,gun_actions/charm_on_burning.png
charm_on_toxic,119,415,55,16,16,gun_actions/charm_on_toxic.png
circle_acid,120,433,55,16,16,gun_actions/circle_acid.png
circle_fire,121,451,55,16,16,gun_actions/circle_fire.png
circle_oil,122,469,55,16,16,gun_actions/circle_oil.png
circle_shape,123,487,55,16,16,gun_actions/circle_shape.png
circle_shape_unidentified,124,505,55,16,16,gun_actions/circle_shape_unidentified.png
circle_water,125,523,55,16,16,gun_actions/circle_water.png
cleaning_tool,126,541,55,16,16,gun_actions/cleaning_tool.png
clipping_shot,127,559,55,16,16,gun_actions/clipping_shot.png
cloud_acid,128,1,73,16,16,gun_actions/cloud_acid.png
cloud_blood,129,19,73,16,16,gun_actions/cloud_blood.png
cloud_oil,130,37,73,16,16,gun_actions/cloud_oil.png
cloud_thunder,131,55,73,16,16,gun_actions/cloud_thunder.png
cloud_water,132,73,73,16,16,gun_actions/cloud_water.png
cloud_water_unidentified,133,91,73,16,16,gun_actions/cloud_water_unidentified.png
clusterbomb,134,109,73,16,16,gun_actions/clusterbomb.png
colour_blue,135,127,73,16,16,gun_actions/colour_blue.png
colour_green,136,145,73,16,16,gun_actions/colour_green.png
colour_invis,137,163,73,16,16,gun_actions/colour_invis.png
colour_orange,138,181,73,16,16,gun_actions/colour_orange.png
colour_purple,139,199,73,16,16,gun_actions/colour_purple.png
colour_rainbow,140,217,73,16,16,gun_actions/colour_rainbow.png
colour_red,141,235,73,16,16,gun_actions/colour_red.png
colour_yellow,142,253,73,16,16,gun_actions/colour_yellow.png
commander_bullet,143,271,73,16,16,gun_actions/commander_bullet.png
critical_blood,144,289,73,16,16,gun_actions/critical_blood.png
critical_hit,145,307,73,16,16,gun_actions/critical_hit.png
critical_oil,146,325,73,16,16,gun_actions/critical_oil.png
critical_water,147,343,73,16,16,gun_actions/critical_water.png
critical_wet,148,361,73,16,16,gun_actions/critical_wet.png
crumbling_earth,149,379,73,16,16,gun_actions/crumbling_earth.png
crumbling_earth_projectile,150,397,73,16,16,gun_actions/crumbling_earth_projectile.png
curse,151,415,73,16,16,gun_actions/curse.png
curse_wither_electricity,152,433,73,16,16,gun_actions/curse_wither_electricity.png
curse_wither_explosion,153,451,73,16,16,gun_actions/curse_wither_explosion.png
curse_wither_melee,154,469,73,16,16,gun_actions/curse_wither_melee.png
curse_wither_projectile,155,487,73,16,16,gun_actions/curse_wither_projectile.png
cursed_orb,156,505,73,16,16,gun_actions/cursed_orb.png
damage,157,523,73,16,16,gun_actions/damage.png
damage_forever,158,541,73,16,16,gun_actions/damage_forever.png
damage_friendly,159,559,73,16,16,gun_actions/damage_friendly.png
damage_friendly_unidentified,160,1,91,16,16,gun_actions/damage_friendly_unidentified.png
damage_random,161,19,91,16,16,gun_actions/damage_random.png
damage_unidentified,162,37,91,16,16,gun_actions/damage_unidentified.png
damage_x2,163,55,91,16,16,gun_actions/damage_x2.png
damage_x2_unidentified,164,73,91,16,16,gun_actions/damage_x2_unidentified.png
damage_x5,165,91,91,16,16,gun_actions/damage_x5.png
darkflame,166,109,91,16,16,gun_actions/darkflame.png
darkflame_unidentified,167,127,91,16,16,gun_actions/darkflame_unidentified.png
death_cross,168,145,91,16,16,gun_actions/death_cross.png
death_cross_big,169,163,91,16,16,gun_actions/death_cross_big.png
death_cross_unidentified,170,181,91,16,16,gun_actions/death_cross_unidentified.png
death_trigger,171,199,91,16,16,gun_actions/death_trigger.png
decelerating_shot,172,217,91,16,16,gun_actions/decelerating_shot.png
decoy,173,235,91,16,16,gun_actions/decoy.png
decoy_trigger,174,253,91,16,16,gun_actions/decoy_trigger.png
decoy_trigger_unidentified,175,271,91,16,16,gun_actions/decoy_trigger_unidentified.png
decoy_unidentified,176,289,91,16,16,gun_actions/decoy_unidentified.png
delayed_spell,177,307,91,16,16,gun_actions/delayed_spell.png
destruction,178,325,91,16,16,gun_actions/destruction.png
digger,179,343,91,16,16,gun_actions/digger.png
digger_unidentified,180,361,91,16,16,gun_actions/digger_unidentified.png
disc_bullet,181,379,91,16,16,gun_actions/disc_bullet.png
disc_bullet_big,182,397,91,16,16,gun_actions/disc_bullet_big.png
disc_bullet_unidentified,183,415,91,16,16,gun_actions/disc_bullet_unidentified.png
divide_10,184,433,91,16,16,gun_actions/divide_10.png
divide_2,185,451,91,16,16,gun_actions/divide_2.png
divide_3,186,469,91,16,16,gun_actions/divide_3.png
divide_4,187,487,91,16,16,gun_actions/divide_4.png
draw_3_random,188,505,91,16,16,gun_actions/draw_3_random.png
draw_random,189,523,91,16,16,gun_actions/draw_random.png
draw_random_x3,190,541,91,16,16,gun_actions/draw_random_x3.png
drone,191,559,91,16,16,gun_actions/drone.png
duck,192,1,109,16,16,gun_actions/duck.png
duck_2,193,19,109,16,16,gun_actions/duck_2.png
duplicate,194,37,109,16,16,gun_actions/duplicate.png
duplicate_on_death,195,55,109,16,16,gun_actions/duplicate_on_death.png
dynamite,196,73,109,16,16,gun_actions/dynamite.png
dynamite_unidentified,197,91,109,16,16,gun_actions/dynamite_unidentified.png
electric_charge,198,109,109,16,16,gun_actions/electric_charge.png
electric_charge_unidentified,199,127,109,16,16,gun_actions/electric_charge_unidentified.png
electrocution_field,200,145,109,16,16,gun_actions/electrocution_field.png
electrocution_field_unidentified,201,163,109,16,16,gun_actions/electrocution_field_unidentified.png
empty,202,181,109,16,16,gun_actions/empty.png
energy_shield,203,199,109,16,16,gun_actions/energy_shield.png
energy_shield_sector,204,217,109,16,16,gun_actions/energy_shield_sector.png
energy_shield_sector_unidentified,205,235,109,16,16,gun_actions/energy_shield_sector_unidentified.png
energy_shield_shot,206,253,109,16,16,gun_actions/energy_shield_shot.png
energy_shield_unidentified,207,271,109,16,16,gun_actions/energy_shield_unidentified.png
enlarge,208,289,109,16,16,gun_actions/enlarge.png
essence_to_power,209,307,109,16,16,gun_actions/essence_to_power.png
expanding_orb,210,325,109,16,16,gun_actions/expanding_orb.png
explode_on_alcohol,211,343,109,16,16,gun_actions/explode_on_alcohol.png
explode_on_alcohol_giga,212,361,109,16,16,gun_actions/explode_on_alcohol_giga.png
explode_on_slime,213,379,109,16,16,gun_actions/explode_on_slime.png
explode_on_slime_giga,214,397,109,16,16,gun_actions/explode_on_slime_giga.png
exploding_deer,215,415,109,16,16,gun_actions/exploding_deer.png
exploding_deer_unidentified,216,433,109,16,16,gun_actions/exploding_deer_unidentified.png
explosion,217,451,109,16,16,gun_actions/explosion.png
explosion_light,218,469,109,16,16,gun_actions/explosion_light.png
explosion_remove,219,487,109,16,16,gun_actions/explosion_remove.png
explosion_tiny,220,505,109,16,16,gun_actions/explosion_tiny.png
explosion_unidentified,221,523,109,16,16,gun_actions/explosion_unidentified.png
explosive_projectile,222,541,109,16,16,gun_actions/explosive_projectile.png
explosive_projectile_unidentified,223,559,109,16,16,gun_actions/explosive_projectile_unidentified.png
fire_blast,224,1,127,16,16,gun_actions/fire_blast.png
fire_blast_unidentified,225,19,127,16,16,gun_actions/fire_blast_unidentified.png
fire_trail,226,37,127,16,16,gun_actions/fire_trail.png
fire_trail_unidentified,227,55,127,16,16,gun_actions/fire_trail_unidentified.png
fireball,228,73,127,16,16,gun_actions/fireball.png
fireball_ray,229,91,127,16,16,gun_actions/fireball_ray.png
fireball_ray_enemy,230,109,127,16,16,gun_actions/fireball_ray_enemy.png
fireball_ray_line,231,127,127,16,16,gun_actions/fireball_ray_line.png
fireball_unidentified,232,145,127,16,16,gun_actions/fireball_unidentified.png
firebomb,233,163,127,16,16,gun_actions/firebomb.png
firebomb_unidentified,234,181,127,16,16,gun_actions/firebomb_unidentified.png
fireworks,235,199,127,16,16,gun_actions/fireworks.png
fish,236,217,127,16,16,gun_actions/fish.png
fizzle,237,235,127,16,16,gun_actions/fizzle.png
flamethrower,238,253,127,16,16,gun_actions/flamethrower.png
flamethrower_unidentified,239,271,127,16,16,gun_actions/flamethrower_unidentified.png
floating_arc,240,289,127,16,16,gun_actions/floating_arc.png
flowershot,241,307,127,16,16,gun_actions/flowershot.png
fly_downwards,242,325,127,16,16,gun_actions/fly_downwards.png
fly_upwards,243,343,127,16,16,gun_actions/fly_upwards.png
freeze,244,361,127,16,16,gun_actions/freeze.png
freeze_alt,245,379,127,16,16,gun_actions/freeze_alt.png
freeze_field,246,397,127,16,16,gun_actions/freeze_field.png
freeze_field_unidentified,247,415,127,16,16,gun_actions/freeze_field_unidentified.png
freeze_unidentified,248,433,127,16,16,gun_actions/freeze_unidentified.png
freezing_gaze,249,451,127,16,16,gun_actions/freezing_gaze.png
friend_fly,250,469,127,16,16,gun_actions/friend_fly.png
gamma,251,487,127,16,16,gun_actions/gamma.png
generate_random_deck_5,252,505,127,16,16,gun_actions/generate_random_deck_5.png
glitter_bomb,253,523,127,16,16,gun_actions/glitter_bomb.png
glowing_bolt,254,541,127,16,16,gun_actions/glowing_bolt.png
glue_shot,255,559,127,16,16,gun_actions/glue_shot.png
golden_punch,256,1,145,16,16,gun_actions/golden_punch.png
gore,257,19,145,16,16,gun_actions/gore.png
gravity,258,37,145,16,16,gun_actions/gravity.png
gravity_anti,259,55,145,16,16,gun_actions/gravity_anti.png
gravity_field_enemy,260,73,145,16,16,gun_actions/gravity_field_enemy.png
grenade,261,91,145,16,16,gun_actions/grenade.png
grenade_anti,262,109,145,16,16,gun_actions/grenade_anti.png
grenade_large,263,127,145,16,16,gun_actions/grenade_large.png
grenade_tier_2,264,145,145,16,16,gun_actions/grenade_tier_2.png
grenade_tier_3,265,163,145,16,16,gun_actions/grenade_tier_3.png
grenade_trigger,266,181,145,16,16,gun_actions/grenade_trigger.png
grenade_trigger_unidentified,267,199,145,16,16,gun_actions/grenade_trigger_unidentified.png
grenade_unidentified,268,217,145,16,16,gun_actions/grenade_unidentified.png
gun,269,235,145,16,16,gun_actions/gun.png
gunpowder_trail,270,253,145,16,16,gun_actions/gunpowder_trail.png
heal_bullet,271,271,145,16,16,gun_actions/heal_bullet.png
heal_bullet_unidentified,272,289,145,16,16,gun_actions/heal_bullet_unidentified.png
heavy_bullet,273,307,145,16,16,gun_actions/heavy_bullet.png
heavy_bullet_timer,274,325,145,16,16,gun_actions/heavy_bullet_timer.png
heavy_bullet_timer_unidentified,275,343,145,16,16,gun_actions/heavy_bullet_timer_unidentified.png
heavy_bullet_trigger,276,361,145,16,16,gun_actions/heavy_bullet_trigger.png
heavy_bullet_trigger_unidentified,277,379,145,16,16,gun_actions/heavy_bullet_trigger_unidentified.png
heavy_bullet_unidentified,278,397,145,16,16,gun_actions/heavy_bullet_unidentified.png
heavy_shot,279,415,145,16,16,gun_actions/heavy_shot.png
heavy_shot_unidentified,280,433,145,16,16,gun_actions/heavy_shot_unidentified.png
heavy_spread,281,451,145,16,16,gun_actions/heavy_spread.png
hexa_shot,282,469,145,16,16,gun_actions/hexa_shot.png
high_explosive,283,487,145,16,16,gun_actions/high_explosive.png
homing,284,505,145,16,16,gun_actions/homing.png
homing_accelerating,285,523,145,16,16,gun_actions/homing_accelerating.png
homing_area,286,541,145,16,16,gun_actions/homing_area.png
homing_cursor,287,559,145,16,16,gun_actions/homing_cursor.png
homing_projectile,288,1,163,16,16,gun_actions/homing_projectile.png
homing_rotate,289,19,163,16,16,gun_actions/homing_rotate.png
homing_shooter,290,37,163,16,16,gun_actions/homing_shooter.png
homing_short,291,55,163,16,16,gun_actions/homing_short.png
homing_unidentified,292,73,163,16,16,gun_actions/homing_unidentified.png
homing_wand,293,91,163,16,16,gun_actions/homing_wand.png
hook,294,109,163,16,16,gun_actions/hook.png
horizontal_arc,295,127,163,16,16,gun_actions/horizontal_arc.png
i-shape,296,145,163,16,16,gun_actions/i-shape.png
i_shape,297,163,163,16,16,gun_actions/i_shape.png
i_shape_unidentified,298,181,163,16,16,gun_actions/i_shape_unidentified.png
i_shot,299,199,163,16,16,gun_actions/i_shot.png
iceball,300,217,163,16,16,gun_actions/iceball.png
icecircle,301,235,163,16,16,gun_actions/icecircle.png
icethrower,302,253,163,16,16,gun_actions/icethrower.png
if_else,303,271,163,16,16,gun_actions/if_else.png
if_end,304,289,163,16,16,gun_actions/if_end.png
if_enemy,305,307,163,16,16,gun_actions/if_enemy.png
if_half,306,325,163,16,16,gun_actions/if_half.png
if_hp,307,343,163,16,16,gun_actions/if_hp.png
if_projectile,308,361,163,16,16,gun_actions/if_projectile.png
inebriation,309,379,163,16,16,gun_actions/inebriation.png
infestation,310,397,163,16,16,gun_actions/infestation.png
kantele_a,311,415,163,16,16,gun_actions/kantele_a.png
kantele_a2,312,433,163,16,16,gun_actions/kantele_a2.png
kantele_b,313,451,163,16,16,gun_actions/kantele_b.png
kantele_c,314,469,163,16,16,gun_actions/kantele_c.png
kantele_d,315,487,163,16,16,gun_actions/kantele_d.png
kantele_dis,316,505,163,16,16,gun_actions/kantele_dis.png
kantele_e,317,523,163,16,16,gun_actions/kantele_e.png
kantele_f,318,541,163,16,16,gun_actions/kantele_f.png
kantele_g,319,559,163,16,16,gun_actions/kantele_g.png
kantele_gsharp,320,1,181,16,16,gun_actions/kantele_gsharp.png
keyshot,321,19,181,16,16,gun_actions/keyshot.png
knife,322,37,181,16,16,gun_actions/knife.png
knockback,323,55,181,16,16,gun_actions/knockback.png
knockback_unidentified,324,73,181,16,16,gun_actions/knockback_unidentified.png
lance,325,91,181,16,16,gun_actions/lance.png
lance_holy,326,109,181,16,16,gun_actions/lance_holy.png
lance_unidentified,327,127,181,16,16,gun_actions/lance_unidentified.png
larpa_chaos,328,145,181,16,16,gun_actions/larpa_chaos.png
larpa_chaos_2,329,163,181,16,16,gun_actions/larpa_chaos_2.png
larpa_death,330,181,181,16,16,gun_actions/larpa_death.png
larpa_downwards,331,199,181,16,16,gun_actions/larpa_downwards.png
larpa_upwards,332,217,181,16,16,gun_actions/larpa_upwards.png
laser,333,235,181,16,16,gun_actions/laser.png
laser_emitter,334,253,181,16,16,gun_actions/laser_emitter.png
laser_emitter_cutter,335,271,181,16,16,gun_actions/laser_emitter_cutter.png
laser_emitter_four,336,289,181,16,16,gun_actions/laser_emitter_four.png
laser_emitter_ray,337,307,181,16,16,gun_actions/laser_emitter_ray.png
laser_emitter_wider,338,325,181,16,16,gun_actions/laser_emitter_wider.png
laser_unidentified,339,343,181,16,16,gun_actions/laser_unidentified.png
lava_to_blood,340,361,181,16,16,gun_actions/lava_to_blood.png
levitation_field,341,379,181,16,16,gun_actions/levitation_field.png
levitation_field_unidentified,342,397,181,16,16,gun_actions/levitation_field_unidentified.png
levitation_projectile,343,415,181,16,16,gun_actions/levitation_projectile.png
lifetime,344,433,181,16,16,gun_actions/lifetime.png
lifetime_down,345,451,181,16,16,gun_actions/lifetime_down.png
lifetime_infinite,346,469,181,16,16,gun_actions/lifetime_infinite.png
light,347,487,181,16,16,gun_actions/light.png
light_bullet,348,505,181,16,16,gun_actions/light_bullet.png
light_bullet_timer,349,523,181,16,16,gun_actions/light_bullet_timer.png
light_bullet_timer_unidentified,350,541,181,16,16,gun_actions/light_bullet_timer_unidentified.png
light_bullet_trigger,351,559,181,16,16,gun_actions/light_bullet_trigger.png
light_bullet_trigger_2,352,1,199,16,16,gun_actions/light_bullet_trigger_2.png
light_bullet_trigger_2_unidentified,353,19,199,16,16,gun_actions/light_bullet_trigger_2_unidentified.png
light_bullet_trigger_timer,354,37,199,16,16,gun_actions/light_bullet_trigger_timer.png
light_bullet_trigger_unidentified,355,55,199,16,16,gun_actions/light_bullet_trigger_unidentified.png
light_bullet_unidentified,356,73,199,16,16,gun_actions/light_bullet_unidentified.png
light_shot,357,91,199,16,16,gun_actions/light_shot.png
lightning,358,109,199,16,16,gun_actions/lightning.png
lightning_ray,359,127,199,16,16,gun_actions/lightning_ray.png
lightning_ray_enemy,360,145,199,16,16,gun_actions/lightning_ray_enemy.png
lightning_unidentified,361,163,199,16,16,gun_actions/lightning_unidentified.png
line_arc,362,181,199,16,16,gun_actions/line_arc.png
liquid_to_explosion,363,199,199,16,16,gun_actions/liquid_to_explosion.png
long_distance_cast,364,217,199,16,16,gun_actions/long_distance_cast.png
luminous_drill,365,235,199,16,16,gun_actions/luminous_drill.png
luminous_drill_timer,366,253,199,16,16,gun_actions/luminous_drill_timer.png
machinegun_bullet,367,271,199,16,16,gun_actions/machinegun_bullet.png
magic_shield,368,289,199,16,16,gun_actions/magic_shield.png
mana,369,307,199,16,16,gun_actions/mana.png
mana_recharge,370,325,199,16,16,gun_actions/mana_recharge.png
material_acid,371,343,199,16,16,gun_actions/material_acid.png
material_acid_unidentified,372,361,199,16,16,gun_actions/material_acid_unidentified.png
material_blood,373,379,199,16,16,gun_actions/material_blood.png
material_blood_unidentified,374,397,199,16,16,gun_actions/material_blood_unidentified.png
material_cement,375,415,199,16,16,gun_actions/material_cement.png
material_debug,376,433,199,16,16,gun_actions/material_debug.png
material_dirt,377,451,199,16,16,gun_actions/material_dirt.png
material_gunpowder_explosive,378,469,199,16,16,gun_actions/material_gunpowder_explosive.png
material_lava,379,487,199,16,16,gun_actions/material_lava.png
material_liquid,380,505,199,16,16,gun_actions/material_liquid.png
material_oil,381,523,199,16,16,gun_actions/material_oil.png
material_oil_unidentified,382,541,199,16,16,gun_actions/material_oil_unidentified.png
material_water,383,559,199,16,16,gun_actions/material_water.png
material_water_unidentified,384,1,217,16,16,gun_actions/material_water_unidentified.png
matter_eater,385,19,217,16,16,gun_actions/matter_eater.png
megalaser,386,37,217,16,16,gun_actions/megalaser.png
meteor,387,55,217,16,16,gun_actions/meteor.png
meteor_rain,388,73,217,16,16,gun_actions/meteor_rain.png
meteor_unidentified,389,91,217,16,16,gun_actions/meteor_unidentified.png
midas,390,109,217,16,16,gun_actions/midas.png
mine,391,127,217,16,16,gun_actions/mine.png
mine_death_trigger,392,145,217,16,16,gun_actions/mine_death_trigger.png
mine_death_trigger_unidentified,393,163,217,16,16,gun_actions/mine_death_trigger_unidentified.png
mine_unidentified,394,181,217,16,16,gun_actions/mine_unidentified.png
misfire,395,199,217,16,16,gun_actions/misfire.png
misfire_critical,396,217,217,16,16,gun_actions/misfire_critical.png
missile,397,235,217,16,16,gun_actions/missile.png
mist_alcohol,398,253,217,16,16,gun_actions/mist_alcohol.png
mist_blood,399,271,217,16,16,gun_actions/mist_blood.png
mist_radioactive,400,289,217,16,16,gun_actions/mist_radioactive.png
mist_slime,401,307,217,16,16,gun_actions/mist_slime.png
mu,402,325,217,16,16,gun_actions/mu.png
necromancy,403,343,217,16,16,gun_actions/necromancy.png
nolla,404,361,217,16,16,gun_actions/nolla.png
nuke,405,379,217,16,16,gun_actions/nuke.png
nuke_giga,406,397,217,16,16,gun_actions/nuke_giga.png
nuke_unidentified,407,415,217,16,16,gun_actions/nuke_unidentified.png
ocarina_a,408,433,217,16,16,gun_actions/ocarina_a.png
ocarina_a2,409,451,217,16,16,gun_actions/ocarina_a2.png
ocarina_b,410,469,217,16,16,gun_actions/ocarina_b.png
ocarina_c,411,487,217,16,16,gun_actions/ocarina_c.png
ocarina_d,412,505,217,16,16,gun_actions/ocarina_d.png
ocarina_e,413,523,217,16,16,gun_actions/ocarina_e.png
ocarina_f,414,541,217,16,16,gun_actions/ocarina_f.png
ocarina_gsharp,415,559,217,16,16,gun_actions/ocarina_gsharp.png
oil_trail,416,1,235,16,16,gun_actions/oil_trail.png
oil_trail_unindentified,417,19,235,16,16,gun_actions/oil_trail_unindentified.png
oiled_4x_damage,418,37,235,16,16,gun_actions/oiled_4x_damage.png
oiled_freeze,419,55,235,16,16,gun_actions/oiled_freeze.png
omega,420,73,235,16,16,gun_actions/omega.png
omega_disc_bullet,421,91,235,16,16,gun_actions/omega_disc_bullet.png
orbit_discs,422,109,235,16,16,gun_actions/orbit_discs.png
orbit_fireballs,423,127,235,16,16,gun_actions/orbit_fireballs.png
orbit_larpa,424,145,235,16,16,gun_actions/orbit_larpa.png
orbit_lasers,425,163,235,16,16,gun_actions/orbit_lasers.png
orbit_nukes,426,181,235,16,16,gun_actions/orbit_nukes.png
orbit_shot,427,199,235,16,16,gun_actions/orbit_shot.png
pebble,428,217,235,16,16,gun_actions/pebble.png
pebble_unidentified,429,235,235,16,16,gun_actions/pebble_unidentified.png
penetrate_walls,430,253,235,16,16,gun_actions/penetrate_walls.png
penta_shot,431,271,235,16,16,gun_actions/penta_shot.png
pentagram_shape,432,289,235,16,16,gun_actions/pentagram_shape.png
pentagram_shape_unidentified,433,307,235,16,16,gun_actions/pentagram_shape_unidentified.png
petrify,434,325,235,16,16,gun_actions/petrify.png
phantomshot_a,435,343,235,16,16,gun_actions/phantomshot_a.png
phantomshot_b,436,361,235,16,16,gun_actions/phantomshot_b.png
phasing_arc,437,379,235,16,16,gun_actions/phasing_arc.png
phi,438,397,235,16,16,gun_actions/phi.png
piercing_shot,439,415,235,16,16,gun_actions/piercing_shot.png
pingpong_path,440,433,235,16,16,gun_actions/pingpong_path.png
pink_orb,441,451,235,16,16,gun_actions/pink_orb.png
pipe_bomb,442,469,235,16,16,gun_actions/pipe_bomb.png
pipe_bomb_death_trigger,443,487,235,16,16,gun_actions/pipe_bomb_death_trigger.png
pipe_bomb_death_trigger_unidentified,444,505,235,16,16,gun_actions/pipe_bomb_death_trigger_unidentified.png
pipe_bomb_detonator,445,523,235,16,16,gun_actions/pipe_bomb_detonator.png
pipe_bomb_detonator_unidentified,446,541,235,16,16,gun_actions/pipe_bomb_detonator_unidentified.png
pipe_bomb_unidentified,447,559,235,16,16,gun_actions/pipe_bomb_unidentified.png
plasma_flare,448,1,253,16,16,gun_actions/plasma_flare.png
poison_blast,449,19,253,16,16,gun_actions/poison_blast.png
poison_blast_unidentified,450,37,253,16,16,gun_actions/poison_blast_unidentified.png
poison_trail,451,55,253,16,16,gun_actions/poison_trail.png
poison_trail_unidentified,452,73,253,16,16,gun_actions/poison_trail_unidentified.png
pollen,453,91,253,16,16,gun_actions/pollen.png
polymorph,454,109,253,16,16,gun_actions/polymorph.png
polymorph_field,455,127,253,16,16,gun_actions/polymorph_field.png
polymorph_field_unidentified,456,145,253,16,16,gun_actions/polymorph_field_unidentified.png
poo_trail,457,163,253,16,16,gun_actions/poo_trail.png
powerdigger,458,181,253,16,16,gun_actions/powerdigger.png
powerdigger_unidentified,459,199,253,16,16,gun_actions/powerdigger_unidentified.png
projectile_gravity_field,460,217,253,16,16,gun_actions/projectile_gravity_field.png
projectile_thunder_field,461,235,253,16,16,gun_actions/projectile_thunder_field.png
projectile_transmutation_field,462,253,253,16,16,gun_actions/projectile_transmutation_field.png
propane_tank,463,271,253,16,16,gun_actions/propane_tank.png
purple_explosion_field,464,289,253,16,16,gun_actions/purple_explosion_field.png
quad_shot,465,307,253,16,16,gun_actions/quad_shot.png
quantum_split,466,325,253,16,16,gun_actions/quantum_split.png
rainbow_trail,467,343,253,16,16,gun_actions/rainbow_trail.png
random_explosion,468,361,253,16,16,gun_actions/random_explosion.png
random_modifier,469,379,253,16,16,gun_actions/random_modifier.png
random_projectile,470,397,253,16,16,gun_actions/random_projectile.png
random_spell,471,415,253,16,16,gun_actions/random_spell.png
random_static_projectile,472,433,253,16,16,gun_actions/random_static_projectile.png
recharge,473,451,253,16,16,gun_actions/recharge.png
recoil,474,469,253,16,16,gun_actions/recoil.png
recoil_damper,475,487,253,16,16,gun_actions/recoil_damper.png
recoil_damper_unidentified,476,505,253,16,16,gun_actions/recoil_damper_unidentified.png
recoil_unidentified,477,523,253,16,16,gun_actions/recoil_unidentified.png
regeneration_field,478,541,253,16,16,gun_actions/regeneration_field.png
regeneration_field_unidentified,479,559,253,16,16,gun_actions/regeneration_field_unidentified.png
remove_bounce,480,1,271,16,16,gun_actions/remove_bounce.png
reset,481,19,271,16,16,gun_actions/reset.png
rocket,482,37,271,16,16,gun_actions/rocket.png
rocket_downwards,483,55,271,16,16,gun_actions/rocket_downwards.png
rocket_octagon,484,73,271,16,16,gun_actions/rocket_octagon.png
rocket_tier_2,485,91,271,16,16,gun_actions/rocket_tier_2.png
rocket_tier_3,486,109,271,16,16,gun_actions/rocket_tier_3.png
rocket_unidentified,487,127,271,16,16,gun_actions/rocket_unidentified.png
rubber_ball,488,145,271,16,16,gun_actions/rubber_ball.png
rubber_ball_timer,489,163,271,16,16,gun_actions/rubber_ball_timer.png
rubber_ball_trigger,490,181,271,16,16,gun_actions/rubber_ball_trigger.png
rubber_ball_unidentified,491,199,271,16,16,gun_actions/rubber_ball_unidentified.png
scatter_2,492,217,271,16,16,gun_actions/scatter_2.png
scatter_2_unidentified,493,235,271,16,16,gun_actions/scatter_2_unidentified.png
scatter_3,494,253,271,16,16,gun_actions/scatter_3.png
scatter_3_unidentified,495,271,271,16,16,gun_actions/scatter_3_unidentified.png
scatter_4,496,289,271,16,16,gun_actions/scatter_4.png
scatter_4_unidentified,497,307,271,16,16,gun_actions/scatter_4_unidentified.png
scattershot,498,325,271,16,16,gun_actions/scattershot.png
sea_acid,499,343,271,16,16,gun_actions/sea_acid.png
sea_acid_gas,500,361,271,16,16,gun_actions/sea_acid_gas.png
sea_acid_unidentified,501,379,271,16,16,gun_actions/sea_acid_unidentified.png
sea_alcohol,502,397,271,16,16,gun_actions/sea_alcohol.png
sea_lava,503,415,271,16,16,gun_actions/sea_lava.png
sea_lava_unidentified,504,433,271,16,16,gun_actions/sea_lava_unidentified.png
sea_mimic,505,451,271,16,16,gun_actions/sea_mimic.png
sea_oil,506,469,271,16,16,gun_actions/sea_oil.png
sea_oil_unidentified,507,487,271,16,16,gun_actions/sea_oil_unidentified.png
sea_swamp,508,505,271,16,16,gun_actions/sea_swamp.png
sea_water,509,523,271,16,16,gun_actions/sea_water.png
sea_water_unidentified,510,541,271,16,16,gun_actions/sea_water_unidentified.png
sheep,511,559,271,16,16,gun_actions/sheep.png
shield_field,512,1,289,16,16,gun_actions/shield_field.png
shield_field_unidentified,513,19,289,16,16,gun_actions/shield_field_unidentified.png
shortlived_shot,514,37,289,16,16,gun_actions/shortlived_shot.png
sigma,515,55,289,16,16,gun_actions/sigma.png
sinewave,516,73,289,16,16,gun_actions/sinewave.png
sinewave_unidentified,517,91,289,16,16,gun_actions/sinewave_unidentified.png
skull,518,109,289,16,16,gun_actions/skull.png
slimeball,519,127,289,16,16,gun_actions/slimeball.png
slimeball_unidentified,520,145,289,16,16,gun_actions/slimeball_unidentified.png
slow_bullet,521,163,289,16,16,gun_actions/slow_bullet.png
slow_bullet_timer,522,181,289,16,16,gun_actions/slow_bullet_timer.png
slow_bullet_timer_2,523,199,289,16,16,gun_actions/slow_bullet_timer_2.png
slow_bullet_timer_unidentified,524,217,289,16,16,gun_actions/slow_bullet_timer_unidentified.png
slow_bullet_trigger,525,235,289,16,16,gun_actions/slow_bullet_trigger.png
slow_bullet_trigger_unidentified,526,253,289,16,16,gun_actions/slow_bullet_trigger_unidentified.png
slow_bullet_unidentified,527,271,289,16,16,gun_actions/slow_bullet_unidentified.png
slow_but_steady,528,289,289,16,16,gun_actions/slow_but_steady.png
smg_bullet,529,307,289,16,16,gun_actions/smg_bullet.png
soil,530,325,289,16,16,gun_actions/soil.png
speed,531,343,289,16,16,gun_actions/speed.png
speed_unidentified,532,361,289,16,16,gun_actions/speed_unidentified.png
spells_to_power,533,379,289,16,16,gun_actions/spells_to_power.png
spiral_shot,534,397,289,16,16,gun_actions/spiral_shot.png
spiral_shot_unidentified,535,415,289,16,16,gun_actions/spiral_shot_unidentified.png
spiraling_shot,536,433,289,16,16,gun_actions/spiraling_shot.png
spitter,537,451,289,16,16,gun_actions/spitter.png
spitter_green,538,469,289,16,16,gun_actions/spitter_green.png
spitter_green_timer,539,487,289,16,16,gun_actions/spitter_green_timer.png
spitter_purple,540,505,289,16,16,gun_actions/spitter_purple.png
spitter_purple_timer,541,523,289,16,16,gun_actions/spitter_purple_timer.png
spitter_timer,542,541,289,16,16,gun_actions/spitter_timer.png
spitter_timer_unidentified,543,559,289,16,16,gun_actions/spitter_timer_unidentified.png
spitter_unidentified,544,1,307,16,16,gun_actions/spitter_unidentified.png
spore_pod,545,19,307,16,16,gun_actions/spore_pod.png
spread_reduce,546,37,307,16,16,gun_actions/spread_reduce.png
spread_reduce_unidentified,547,55,307,16,16,gun_actions/spread_reduce_unidentified.png
static_to_sand,548,73,307,16,16,gun_actions/static_to_sand.png
summon_egg,549,91,307,16,16,gun_actions/summon_egg.png
summon_hollow_egg,550,109,307,16,16,gun_actions/summon_hollow_egg.png
summon_portal,551,127,307,16,16,gun_actions/summon_portal.png
summon_rock,552,145,307,16,16,gun_actions/summon_rock.png
summon_wandghost,553,163,307,16,16,gun_actions/summon_wandghost.png
sun,554,181,307,16,16,gun_actions/sun.png
super_teleport_cast,555,199,307,16,16,gun_actions/super_teleport_cast.png
swapper_projectile,556,217,307,16,16,gun_actions/swapper_projectile.png
swarm_firebug,557,235,307,16,16,gun_actions/swarm_firebug.png
swarm_fly,558,253,307,16,16,gun_actions/swarm_fly.png
swarm_wasp,559,271,307,16,16,gun_actions/swarm_wasp.png
t_shape,560,289,307,16,16,gun_actions/t_shape.png
t_shape_unidentified,561,307,307,16,16,gun_actions/t_shape_unidentified.png
t_shot,562,325,307,16,16,gun_actions/t_shot.png
tau,563,343,307,16,16,gun_actions/tau.png
telepathy,564,361,307,16,16,gun_actions/telepathy.png
telepathy_field,565,379,307,16,16,gun_actions/telepathy_field.png
telepathy_field_unidentified,566,397,307,16,16,gun_actions/telepathy_field_unidentified.png
teleport_cast,567,415,307,16,16,gun_actions/teleport_cast.png
teleport_home,568,433,307,16,16,gun_actions/teleport_home.png
teleport_projectile,569,451,307,16,16,gun_actions/teleport_projectile.png
teleport_projectile_closer,570,469,307,16,16,gun_actions/teleport_projectile_closer.png
teleport_projectile_short,571,487,307,16,16,gun_actions/teleport_projectile_short.png
teleport_projectile_static,572,505,307,16,16,gun_actions/teleport_projectile_static.png
teleport_projectile_unidentified,573,523,307,16,16,gun_actions/teleport_projectile_unidentified.png
teleportation,574,541,307,16,16,gun_actions/teleportation.png
teleportation_field,575,559,307,16,16,gun_actions/teleportation_field.png
teleportation_field_unidentified,576,1,325,16,16,gun_actions/teleportation_field_unidentified.png
temporary_platform,577,19,325,16,16,gun_actions/temporary_platform.png
temporary_wall,578,37,325,16,16,gun_actions/temporary_wall.png
tentacle,579,55,325,16,16,gun_actions/tentacle.png
tentacle_portal,580,73,325,16,16,gun_actions/tentacle_portal.png
tentacle_ray,581,91,325,16,16,gun_actions/tentacle_ray.png
tentacle_ray_enemy,582,109,325,16,16,gun_actions/tentacle_ray_enemy.png
tentacle_timer,583,127,325,16,16,gun_actions/tentacle_timer.png
tentacle_timer_unidentified,584,145,325,16,16,gun_actions/tentacle_timer_unidentified.png
tentacle_unidentified,585,163,325,16,16,gun_actions/tentacle_unidentified.png
thunder_blast,586,181,325,16,16,gun_actions/thunder_blast.png
thunder_blast_unidentified,587,199,325,16,16,gun_actions/thunder_blast_unidentified.png
thunderball,588,217,325,16,16,gun_actions/thunderball.png
thunderball_unidentified,589,235,325,16,16,gun_actions/thunderball_unidentified.png
timer,590,253,325,16,16,gun_actions/timer.png
tiny_ghost,591,271,325,16,16,gun_actions/tiny_ghost.png
tntbox,592,289,325,16,16,gun_actions/tntbox.png
tntbox_big,593,307,325,16,16,gun_actions/tntbox_big.png
torch,594,325,325,16,16,gun_actions/torch.png
torch_electric,595,343,325,16,16,gun_actions/torch_electric.png
torch_unidentified,596,361,325,16,16,gun_actions/torch_unidentified.png
touch_alcohol,597,379,325,16,16,gun_actions/touch_alcohol.png
touch_blood,598,397,325,16,16,gun_actions/touch_blood.png
touch_gold,599,415,325,16,16,gun_actions/touch_gold.png
touch_grass,600,433,325,16,16,gun_actions/touch_grass.png
touch_oil,601,451,325,16,16,gun_actions/touch_oil.png
touch_piss,602,469,325,16,16,gun_actions/touch_piss.png
touch_smoke,603,487,325,16,16,gun_actions/touch_smoke.png
touch_water,604,505,325,16,16,gun_actions/touch_water.png
toxic_to_acid,605,523,325,16,16,gun_actions/toxic_to_acid.png
transmutation,606,541,325,16,16,gun_actions/transmutation.png
trigger,607,559,325,16,16,gun_actions/trigger.png
trigger_hit_entity,608,1,343,16,16,gun_actions/trigger_hit_entity.png
trigger_hit_world,609,19,343,16,16,gun_actions/trigger_hit_world.png
trigger_timer_5,610,37,343,16,16,gun_actions/trigger_timer_5.png
true_orbit,611,55,343,16,16,gun_actions/true_orbit.png
unidentified,612,73,343,16,16,gun_actions/unidentified.png
unstable_gunpowder,613,91,343,16,16,gun_actions/unstable_gunpowder.png
unstable_gunpowder_unidentified,614,109,343,16,16,gun_actions/unstable_gunpowder_unidentified.png
vacuum_entities,615,127,343,16,16,gun_actions/vacuum_entities.png
vacuum_liquid,616,145,343,16,16,gun_actions/vacuum_liquid.png
vacuum_powder,617,163,343,16,16,gun_actions/vacuum_powder.png
w_shape,618,181,343,16,16,gun_actions/w_shape.png
w_shape_unidentified,619,199,343,16,16,gun_actions/w_shape_unidentified.png
w_shot,620,217,343,16,16,gun_actions/w_shot.png
wall_horizontal,621,235,343,16,16,gun_actions/wall_horizontal.png
wall_square,622,253,343,16,16,gun_actions/wall_square.png
wall_vertical,623,271,343,16,16,gun_actions/wall_vertical.png
water_to_poison,624,289,343,16,16,gun_actions/water_to_poison.png
water_trail,625,307,343,16,16,gun_actions/water_trail.png
white_hole,626,325,343,16,16,gun_actions/white_hole.png
white_hole_big,627,343,343,16,16,gun_actions/white_hole_big.png
white_hole_giga,628,361,343,16,16,gun_actions/white_hole_giga.png
worm,629,379,343,16,16,gun_actions/worm.png
worm_rain,630,397,343,16,16,gun_actions/worm_rain.png
x_ray,631,415,343,16,16,gun_actions/x_ray.png
x_ray_unidentified,632,433,343,16,16,gun_actions/x_ray_unidentified.png
y_shape,633,451,343,16,16,gun_actions/y_shape.png
y_shape_unidentified,634,469,343,16,16,gun_actions/y_shape_unidentified.png
y_shot,635,487,343,16,16,gun_actions/y_shot.png
zero_damage,636,505,343,16,16,gun_actions/zero_damage.png
zeta,637,523,343,16,16,gun_actions/zeta.png
